문제번호,문제,선지 1,선지 2,선지 3,선지 4,정답,키워드,해설,과목,회차
1,소프트웨어 공학에서 워크스루(Walkthrough)에 대한 설명 로 틀린 것은?,"사용사례를 확장하여 명세하거나 설계 다이어그램, 원시코드, 테스트 케이스 등에 적용할 수 있다.","복잡한 알고리즘 또는 반복, 실시간 동작, 병행 처리와 같은 기능이나 동작을 이해하려고 할 때 유용하다.",인스펙션(Inspection)과 동일한 의미를 가진다.,단순한 테스트 케이스를 이용하여 프로덕트를 수작업으로 수 행해 보는 것이다.,3,"워크스루(Walkthrough), 사용사례, 알고리즘, 동작","워크스루는 사용사례나 알고리즘과 같은 복잡한 기능 또는 동작을 이해하기 위해 수행하는 과정으로, 인스펙션과는 다른 개념이며, 테스트 케이스를 이용한 단순한 수작업으로 프로덕트를 확인하는 것과는 차이가 있다.",1,3
2,다음 결합도의 종류에 대한 설명 중 틀린 것은?,자료 결합도 : 모듈 간의 인터페이스가 자료 요소로만 구성될 때의 결합도,"내용 결합도 : 한 모듈이 다른 모듈과 제어 신호를 이용하여 통신하고, 공유되는 공통 데이터 영역을 사용할 때의 결합도","스탬프 결합도 : 모듈 간의 인터페이스로, 배열의 자료 구조가 전달될 때의 결합도",외부 결합도 : 어떤 모듈에서 선언한 데이터를 다른 모듈에서 참조할 때의 결합도,2,결합도,"결합도는 모듈 간의 의존도를 나타내는 개념으로, 모듈 간의 상호작용이 얼마나 밀접한지를 나타낸다. 종류에는 자료 결합도, 내용 결합도, 스탬프 결합도, 외부 결합도 등이 있다. 각각은 모듈 간의 인터페이스나 데이터 전달 방식에 따라 결합도 정도가 다르다",1,3
3,익스트림 프로그래밍(eXtreme Programming)의 5가지 가치에 속하 지 않는 것은?,의사소통,단순성,피드백,고객 배제,4,"고객 배제, ","익스트림 프로그래밍은 고객과의 적극적인 협력을 중요시하며, 고객의 요구사항을 최우선으로 고려하는 방법론이다. 따라서 '고객 배제'는 익스트림 프로그래밍의 5가지 가치에 속하지 않는다.",1,3
4,HIPO(Hierarchy Input Process Output)에 대한 설명 로 거리가 먼 것은?,상향식 소프트웨어 개발을 위한 문서화 도구이다.,"HIPO 차트 종류에는 가시적 도표, 총체적 도표, 세부적 도표가 있다.",기능과 자료의 의존 관계를 동시에 표현할 수 있다.,보기 쉽고 이해하기 쉽다.,1,"상향식 소프트웨어 개발, 문서화 도구, ","HIPO는 상향식 소프트웨어 개발을 위한 문서화 도구로, 소프트웨어 개발 과정에서 입력, 처리, 출력에 대한 계층적 구조를 보다 쉽게 표현할 수 있도록 도와준다. HIPO 차트를 통해 시스템의 기능과 자료의 의존 관계를 동시에",1,3
5,모바일 기기에서 사용하는 NUI 인터페이스에 속하지 않는 것은 무엇인가?,Pinch,Press,Flow,Flick,3,NUI 인터페이스,"NUI(자연 사용자 인터페이스)는 사용자의 동작이나 제스처를 통해 상호작용하는 인터페이스를 말합니다. Pinch, Press, Flick은 모바일 기기에서 사용하는 NUI 인터페이스의 일부이지만, Flow는 NUI 인터페이스에 속하지 않습니다. Flow는 일반적으로 사용자의 동작이나 제스처와는 더 관련이 있는 개념이며, NUI 인",1,3
6,UML 확장 모델에서 스테레오 타입 객체를 표현할 때 사용하는 기호로 맞는 것은?,<< >>,(( )),{{ }},[[ ]],1,"UML 확장 모델, 스테레오 타입 객체, ",UML에서는 스테레오 타입 객체를 표현할 때 << >> 기호를 사용한다. 스테레오 타입은 UML 요소에 추가적인 의미나 속성을 부여할 수 있도록 해준다.,1,3
7,"보헴이 제안한 것 로, 위험 분석 기능이 있 며, 여러 번의 개발 과정을 거쳐 점진적 로 개발하는 모형은?",나선형 모형,애자일 모형,프로토타입 모형,폭포수 모형,1,"위험 분석, 점진적 개발","위험 분석을 중요시하고, 여러 번의 개발 과정을 거쳐 점진적으로 개발하는 모형은 애자일 모형이다. 애자일 방법론은 변화에 대응하고 고객의 피드백을 적극 수용하며, 위험을 최소화하기 위해 반복적이고 유연한 접근 방식을",1,3
8,UI 설계 원칙 중 누구나 쉽게 이해하고 사용할 수 있어야 한다는 원칙은?,희소성,유연성,직관성,멀티운용성,3,"직관성, ","UI 설계 원칙 중에서 누구나 쉽게 이해하고 사용할 수 있어야 한다는 원칙은 '직관성'이라고 할 수 있습니다. 사용자가 UI를 보고 쉽게 이해하고 사용할 수 있도록 설계하는 것이 중요한데, 이를 통해 사용자 경험을 향상시킬 수 있습니다.",1,3
9,자료 흐름도(Data Flow Diagram)의 구성 요소로 옳은 것은?,"process, data flow, data store, comment","process, data flow, data store, terminator","data flow, data store, terminator, data dictionary","process, data store, terminator, mini-spec",2,"자료 흐름도(Data Flow Diagram), 구성 요소","자료 흐름도의 구성 요소로는 process(프로세스), data flow(자료 흐름), data store(자료 저장소), comment(주석)이 포함됩니다. 이들은 시스템의 데이터 흐름과 처리 과정을 시각적으로 표현하여 분석하고 설계하는 데 사용됩니다.",1,3
10,다음 중 SOLID 원칙이라고 불리는 객체지향 설계 원칙에 속하지 않는 것은?,ISP(Interface Segregation Principle),DIP(Dependency Inversion Principle),LSP(Liskov Substitution Principle),SSO(Single Sign On),4,"SOLID, 객체지향 설계, ","SOLID 원칙은 객체지향 설계의 다섯 가지 기본 원칙을 나타내는데, 각각은 다음과 같은 약어로 표현된다. S는 Single Responsibility Principle, O는 Open/Closed Principle, L은 Liskov Substitution Principle, I는 Interface Segregation Principle, D는 Dependency Inversion Principle을 의미한다. 따라서, SSO(Single Sign On)은 SOLID 원칙에 속하지 않는다.",1,3
11,"UML 모델에서 한 사물의 명세가 바뀌면 다른 사물에 영향을 주며, 일반적 로 한 클래스가 다른 클래스를 오퍼레이션의 매개 변수로 사용하는 경우에 나타나는 관계는?",Association,Dependency,Realization,Generalization,2,오퍼레이션의 매개 변수,"오퍼레이션의 매개 변수로 다른 클래스를 사용하는 경우, 두 클래스 사이에 Dependency(의존성) 관계가 형성됩니다. 이는 한 클래스의 변경이 다른 클래스에 영향을 줄 수 있음을 의미합니다.",1,3
12,객체에게 어떤 행위를 하도록 지시하는 명령은?,Class,Package,Object,Message,4,"객체, 행위","객체지향 프로그래밍에서 객체에게 어떤 행위를 하도록 지시하는 명령은 ""Message""이다. 객체는 메시지를 받으면 해당하는 행위를 수행하게 되며, 이를 통해 프로그램이 동작한다.",1,3
13,"다음 내용이 설명하는 디자인 패턴은? ( 보기:ㆍ하나의 객체를 생성하면 생성된 객체를 어디서든 참 조할 수 있지만, 여러 프로세스가 동시에 참조할 수는 없다.
ㆍ클래스 내에서 인스턴스가 하나뿐임을 보장하며, 불필 요한 메모리 낭비를 최소화 할 수 있다. )",Singleton,Adapter,Prototype,Decorator,1,인스턴스가 하나뿐임,"Singleton 패턴은 클래스 내에서 인스턴스가 하나뿐임을 보장하여, 여러 곳에서 동시에 참조할 수 없게 하는 디자인 패턴이다. 이를 통해 불필요한 메모리 낭비를 최소화할 수 있다.",1,3
14,파이프 필터 형태의 소프트웨어 아키텍처에 대한 설명 로 옳은 것은?,노드와 간선으로 구성된다.,서브시스템이 입력 데이터를 받아 처리하고 결과를 다음 서브 시스템으로 넘겨주는 과정을 반복한다.,계층 모델이라고도 한다.,"3개의 서브시스템(모델, 뷰, 제어)으로 구성되어 있다.",2,"파이프 필터, 서브시스템, ",파이프 필터 형태의 소프트웨어 아키텍처는 서브시스템이 입력 데이터를 받아 처리하고 결과를 다음 서브 시스템으로 넘겨주는 과정을 반복하는 구조를 가지고 있습니다. 이는 데이터 처리 과정이 파이프처럼 이어지는 모습을 보여줍니다.,1,3
15,"대표적 로 DOS 및 Unix 등의 운영체제에서 조작을 위해 사용하던 것 로, 정해진 명령 문자열을 입력하여 시스템을 조작하는 사용자 인터페이스(User Interface)는?",GUI(Graphical User Interface),CLI(Command Line Interface),CUI(Cell User Interface),MUI(Mobile User Interface),2,"명령 문자열, 시스템 조작","명령 문자열을 입력하여 시스템을 조작하는 사용자 인터페이스는 CLI(Command Line Interface)를 의미합니다. CLI는 텍스트 기반 인터페이스로, 사용자가 명령어를 입력하고 시스템이 그에 따라 동작하는 방식으로 작동합니다.",1,3
16,UML에서 시퀀스 다이어그램의 구성 항목에 해당하지 않는 것은?,생명선,실행,확장,메시지,3,"시퀀스 다이어그램, 구성 항목, ","시퀀스 다이어그램은 객체 간의 상호작용을 표현하는 UML 다이어그램 중 하나로, 구성 항목에는 생명선, 실행, 확장, 메시지 등이 포함됩니다. 따라서 이 중에서 시퀀스 다이어그램의 구성 항목이 아닌 것은 없습니다.",1,3
17,다음은 어떤 프로그램 구조를 나타낸다. 모듈 F에서의 fan-in과 fan-out의 수는 얼마인가?,"fan-in : 2, fan-out : 3","fan-in : 3, fan-out : 2","fan-in : 1, fan-out : 2","fan-in : 2, fan-out : 1",2,"모듈, fan-in, fan-out, ","모듈 F에서의 fan-in은 모듈로 들어오는 의존성의 수를 나타내고, fan-out은 모듈에서 나가는 의존성의 수를 나타낸다. 이 문제에서는 모듈 F의 fan-in이 2이고 fan-out이 3이므로, 선지 1이 정답이다.",1,3
18,객체지향 개념에서 연관된 데이터와 함수를 함께 묶어 외부와 경계를 만들고 필요한 인터페이스만을 밖 로 드러내는 과정은?,메시지(Message),캡슐화(Encapsulation),다형성(Polymorphism),상속(Inheritance),2,"캡슐화(Encapsulation), ",캡슐화는 객체지향 프로그래밍에서 데이터와 함수를 함께 묶어 외부와의 경계를 만들고 필요한 인터페이스만을 밖으로 드러내는 과정을 말합니다. 이를 통해 데이터의 은닉성을 유지하고 외부에서 직접적으로 데이터에 접근하는 것을 제한함으로써 코드의 안정성과 보안을 높일 수 있습니다.,1,3
19,그래픽 표기법을 이용하여 소프트웨어 구성 요소를 모델링하는 럼바우 분석 기법에 포함되지 않는 것은?,객체 모델링,기능 모델링,동적 모델링,블랙박스 분석 모델링,4,"럼바우 분석 기법, 소프트웨어 구성 요소, ","럼바우 분석 기법은 소프트웨어 구성 요소를 모델링하기 위한 방법론 중 하나이며, 객체 모델링, 기능 모델링, 동적 모델링이 이에 포함됩니다. 따라서 블랙박스 분석 모델링은 럼바우 분석 기법",1,3
20,"분산 컴퓨팅 환경에서 서로 다른 기종 간의 하드웨어나 프로토콜, 통신환경 등을 연결하여 응용 프로그램과 운영환경 간에 원만한 통신이 이루어질 수 있게 서비스를 제공하는 소프트웨어는?",미들웨어,하드웨어,오픈허브웨어,그레이웨어,1,"미들웨어, ","미들웨어는 분산 컴퓨팅 환경에서 서로 다른 기종 간의 하드웨어나 프로토콜, 통신환경 등을 연결하여 응용 프로그램과 운영환경 간에 원활한 통신을 가능하게 하는 소프트웨어입니다. 이는 서로 다른 시스템 간의 통신을 중개하고 데이터 교환을 도와주는 역할을 합니다",1,3
21,소프트웨어 테스트와 관련한 설명 로 틀린 것은?,화이트박스 테스트는 모듈의 논리적인 구조를 체계적으로 점 검할 수 있다.,블랙박스 테스트는 프로그램의 구조를 고려하지 않는다.,"테스트 케이스에는 일반적으로 시험 조건, 테스트 데이터, 예상 결과가 포함되어야 한다.",화이트박스 테스트에서 기본 경로(Basis Path)란 흐름 그래프 의 시작 노드에서 종료 노드까지의 서로 독립된 경로로 싸이클 을 허용하지 않는 경로를 말한다.,4,"화이트박스 테스트, 블랙박스 테스트, ","화이트박스 테스트와 관련한 설명 중 틀린 것은 블랙박스 테스트는 프로그램의 구조를 고려하지 않는다는 것이다. 실제로 블랙박스 테스트는 소프트웨어의 내부 동작을 고려하지 않고, 오로지 기능적인 측면에서 테스트를 수행하는 방법이다",2,3
22,디지털 저작권 관리(DRM)의 기술 요소가 아닌 것은?,크랙 방지 기술,정책 관리 기술,암호화 기술,방화벽 기술,4,"디지털 저작권 관리(DRM), 기술 요소, ","디지털 저작권 관리(DRM)의 기술 요소로서 크랙 방지 기술, 정책 관리 기술, 암호화 기술은 모두 해당하지만, 방화벽 기술은 DRM의 주요 기술 요소로는 포함되지 않습니다. 방화벽은 네트워크 보안을 강화하기 위한 기술로",2,3
23,소프트웨어 형상관리(Configuration management)에 관한 설명  로 틀린 것은?,소프트웨어에서 일어나는 수정이나 변경을 알아내고 제어하는 것을 의미한다.,"소프트웨어 개발의 전체 비용을 줄이고, 개발 과정의 여러 방해 요인이 최소화되도록 보증하는 것을 목적으로 한다.",형상관리를 위하여 구성된 팀을 뱁chief programmer team뱂이 라고 한다.,형상관리의 기능 중 하나는 버전 제어 기술이다.,3,"형상관리, 수정 및 변경 제어","소프트웨어 형상관리는 소프트웨어에서 발생하는 수정이나 변경을 추적하고 제어하는 것을 의미한다. 이를 통해 전체 비용을 줄이고 개발 과정의 효율성을 높이는 것이 목적이며, 버전 제어 기술을 활용하여 이를 실현한다. ""chief programmer team""은 형상관리를 위해 구성",2,3
24,다음 트리를 후위 순회(Post Traversal)한 결과는?,A B D C E F,D B A E C F,A B C D E F,D B E F C A,4,"후위 순회(Post Traversal), ","후위 순회는 이진 트리를 탐색하는 방법 중 하나로, 노드를 왼쪽 서브트리, 오른쪽 서브트리, 루트 순서로 방문하는 방식을 말합니다. 따라서 후위 순회의 결과는 왼쪽 서브트리를 후위 순회한 결과, 오른쪽 서브트리를 후위 순회한 결과, 그리고 마지막으로 루트 노드의 값이",2,3
25,EAI(Enterprise Application Integration)의 구축 유형 로 옳지 않은 것은?,Tree,Hub & Spoke,Message Bus,Point-to-Point,1,"EAI(Enterprise Application Integration), ","EAI는 기업의 다양한 응용 프로그램을 통합하여 전체적인 시스템을 효율적으로 관리하고 상호 연동시키는 기술이다. 이를 위해 다양한 구축 유형이 존재하는데, 이 중 옳지 않은 것은 ""Tree""이다. Tree 구조는 EAI에서 사용되지 않는 구축 유형이다. 대신 Hub & Spoke, Message Bus, Point-to-",2,3
26,소프트웨어 테스트에서 오류의 80%는 전체 모듈의 20% 내에서 발견된다는 법칙은?,Brooks의 법칙,Boehm의 법칙,Pareto의 법칙,Jackson의 법칙,3,"소프트웨어 테스트, 오류, 80%, 20%, ","이 법칙은 소프트웨어 테스트에서 발생하는 오류의 분포를 설명하는 법칙으로, 대부분의 오류가 전체 모듈의 소수의 부분에서 발견된다는 것을 강조한다. 이를 통해 소프트웨어 테스트 전략을 수립할 때 주요한 모듈에 집중하는 것이 중요함을 시사한다.",2,3
27,다음 중 테스트 오라클에 대한 설명 로 옳지 않은 것은?,샘플링 오라클 : 특정한 몇몇 테스트 케이스의 입력 값들에 대해서만 기대하는 결과를 제공하는 오라클이다.,토탈 오라클 : 모든 테스트 케이스의 입력 값에 대해 기대하는 결과를 제공하는 오라클이다.,"휴리스틱 오라클 : 특정 테스트 케이스의 입력 값에 대해 기대 하는 결과를 제공하고, 나머지 입력 값들에 대해서는 추정으로 처리하는 오라클이다.",일관성 검사 오라클 : 애플리케이션의 변경이 있을 경우 테스트 케이스의 수행 전과 후의 결과 값이 동일한지를 확인하는 오라 클이다.,2,"테스트 오라클, 샘플링 오라클, , 샘플링 오라클","샘플링 오라클은 모든 테스트 케이스의 입력 값이 아닌 특정 몇몇 테스트 케이스의 입력 값에 대해서만 결과를 제공하는 오라클을 의미합니다. 따라서, 모든 테스트 케이스에 대한 결과를 제공하는 것이 아니라 일부 테스트 케이스",2,3
28,IPSec(IP Security)에 대한 설명 로 틀린 것은?,암호화 수행시 일방향 암호화만 지원한다.,"ESP는 발신지 인증, 데이터 무결성, 기밀성 모두를 보장한다.",운영 모드는 Tunnel 모드와 Transport 모드로 분류된다.,"AH는 발신지 호스트를 인증하고, IP 패킷의 무결성을 보장한 다.",1,일방향 암호화,"IPSec에서는 양방향 암호화를 지원하며, 데이터의 안전한 전송을 위해 발신지와 수신지 간에 양방향 통신을 암호화한다.",2,3
29,스택(STACK)의 응용 분야로 거리가 먼 것은?,인터럽트의 처리,수식의 계산,서브루틴의 복귀 번지 저장,운영체제의 작업 스케줄링,4,"스택, 서브루틴, ","스택은 함수 호출과 복귀를 위한 데이터 저장 구조로 사용되며, 서브루틴의 복귀 번지 저장과 관련이 있습니다. 서브루틴이 호출되면 현재 실행 위치를 스택에 저장하고, 서브루틴이 종료되면 스택에서 이전 실행 위치로 복귀하는데 사용됩니다. 이러한 특성을 통해 프로그램의 흐름을",2,3
30,"다음 자료에 대하여 선택(Selection) 정렬을 이용하여 오름차순 로 정렬하고자 한다. 1회전 수행 결과는?(보기:8, 3, 4, 9, 7)","3, 4, 7, 8, 9","3, 4, 7, 9, 8","3, 4, 8, 9, 7","3, 8, 4, 9, 7",4,"선택(Selection) 정렬, 오름차순, ","선택 정렬은 주어진 리스트에서 최솟값을 찾아 맨 앞으로 보내는 과정을 반복하여 정렬하는 알고리즘이다. 오름차순으로 정렬할 때는 최솟값을 찾아 앞으로 보내는 방식으로 정렬이 이루어진다. 위 문제에서는 1회전 수행 결과가 요구되는데, 이때 가장 작은 값을 찾아 맨 앞으로 보내는 과정을 한",2,3
31,해싱 함수(Hashing Function)의 종류가 아닌 것은?,제곱법(Mid-Square),숫자 분석법(Digit Analysis),개방 주소법(Open Addressing),제산법(Division),3,"해싱 함수의 종류, , 해싱 함수, ","해실 함수는 데이터를 해시값으로 변환하는 함수를 말합니다. 이를 이용하여 데이터를 빠르게 검색하거나 저장할 수 있습니다. 주어진 선지들 중에서 해싱 함수의 종류가 아닌 것은 '개방 주소법(Open Addressing)'입니다. '개방 주소법'은 해싱 충돌이 발생했을 때 다른 해시 버킷에 데이터를 저장하는 방법을 말하며, 해",2,3
32,인터페이스 구현 검증 도구가 아닌 것은?,ESB,xUnit,STAF,NTAF,1,"인터페이스 구현 검증 도구, , ESB, xUnit, STAF, NTAF, ","ESB는 엔터프라이즈 서비스 버스를 의미하며, 인터페이스 구현 검증 도구가 아닙니다. xUnit은 소프트웨어 테스트 프레임워크로, 테스트 케이스를 작성하고 실행하는 데 사용됩니다. STAF는 Software Testing Automation Framework의 약자로, 테스트 자동화를 지원하는 프",2,3
33,"순서가 A, B, C, D로 정해진 입력 자료를 스택에 입력하였다가 출력할 때, 가능한 출력 순서의 결과가 아닌 것은?","A, B, C, D","D, A, B, C","A, B, D, C","B, C, D, A",2,"스택, ","스택은 후입선출(LIFO) 구조를 가지고 있기 때문에, 가장 마지막에 입력된 데이터가 가장 먼저 출력되어야 합니다. 따라서, 가능한 출력 순서는 선지 1, 선지 2, 선지 3이 가능하지만 선지 4는 스택의 특성에 어긋난 출력 순서입니다.",2,3
34,다음 중 클린 코드 작성원칙 로 거리가 먼 것은?,누구든지 쉽게 이해하는 코드 작성,중복이 최대화된 코드 작성,다른 모듈에 미치는 영향 최소화,"단순, 명료한 코드 작성",2,"중복 최소화, ",클린 코드 작성원칙 중에서 중복이 최대화된 코드 작성은 중요한 원칙 중 하나이다. 중복된 코드는 유지보수가 어려워지고 코드의 가독성을 떨어뜨릴 수 있기 때문에 중복을 최소화하여 코드를 작성해야 한다. 이는 코드의 재사용성을 높이고 코드의 일관성을 유지하는데 도움을 줄 수 있다.,2,3
35,소스 코드 품질 분석 도구 중 정적 분석 도구가 아닌 것은?,pmd,checkstyle,valance,cppcheck,3,"정적 분석 도구, ","정적 분석 도구는 소스 코드를 분석하여 코드의 품질을 평가하고 잠재적인 버그나 오류를 찾아내는 도구이다. 따라서, valance는 정적 분석 도구가 아니므로 정답은 선지 3: valance이다. 다른 선지들은 모두 정적 분석 도구이다.",2,3
36,"알파, 베타 테스트와 가장 밀접한 연관이 있는 테스트 단계는?",단위 테스트,인수 테스트,통합 테스트,시스템 테스트,2,"알파, 베타 테스트","알파 테스트와 베타 테스트는 소프트웨어 개발 단계에서 사용자에 의해 수행되는 테스트로, 사용자의 요구사항을 충족시키는지 확인하기 위해 진행됩니다. 이러한 테스트는 최종 사용자들의 피드백을 받아 제품의 완성도를 높이는 데 중요한 역할을",2,3
37,테스트 드라이버(Test Driver)에 대한 설명 로 틀린 것은?,시험 대상 모듈을 호출하는 간이 소프트웨어이다.,필요에 따라 매개 변수를 전달하고 모듈을 수행한 후의 결과를 보여줄 수 있다.,상향식 통합 테스트에서 사용된다.,테스트 대상 모듈이 호출하는 하위 모듈의 역할을 한다.,4,테스트 드라이버(Test Driver),"테스트 드라이버는 특정 모듈을 호출하고 테스트하는 간이 소프트웨어로, 필요한 매개 변수를 전달하고 결과를 확인하는 역할을 한다. 상향식 통합 테스트에서 사용되며, 테스트 대상 모듈이 호출하는 하위 모듈의 역할을 하는 것이 아니라 해당 모듈을 직접 호출하여 테스트한다. 따라서,",2,3
38,소프트웨어 패키징에 대한 설명 로 틀린 것은?,패키징은 개발자 중심으로 진행한다.,"신규 및 변경 개발소스를 식별하고, 이를 모듈화하여 상용제품 으로 패키징한다.",고객의 편의성을 위해 매뉴얼 및 버전관리를 지속적으로 한다.,범용 환경에서 사용이 가능하도록 일반적인 배포 형태로 패키 징이 진행된다.,1,"개발자 중심, 매뉴얼 및 버전관리","소프트웨어 패키징은 개발자 중심으로 진행되는 것이 아니라, 사용자 중심으로 진행되어야 합니다. 사용자의 편의성을 고려하여 매뉴얼 및 버전관리를 지속적으로 해야 합니다.",2,3
39,연결 리스트(Linked List)에 대한 설명 로 거리가 먼 것은?,노드의 삽입이나 삭제가 쉽다.,노드들이 포인터로 연결되어 검색이 빠르다.,연결을 해주는 포인터(Pointer)를 위한 추가 공간이 필요하다.,연결 리스트 중에서 중간 노드 연결이 끊어지면 그 다음 노드를 찾기 힘들다.,2,"연결 리스트, 검색, ","연결 리스트는 노드들이 포인터로 연결되어 있어서 검색이 빠르다는 장점이 있지만, 연결을 위한 포인터 공간이 필요하고 중간 노드의 연결이 끊어지면 다음 노드를 찾기 힘들다는 단점이 있다.",2,3
40,알고리즘 시간 복잡도 O(1)이 의미하는 것은?,컴퓨터 처리가 불가,알고리즘 입력 데이터 수가 한 개,알고리즘 수행시간이 입력 데이터 수와 관계 없이 일정,알고리즘 길이가 입력 데이터보다 작음,3,"시간 복잡도, O(1), ",O(1) 시간 복잡도는 알고리즘의 수행 시간이 입력 데이터 수와 무관하게 일정한 것을 의미합니다. 따라서 입력 데이터의 크기가 변해도 알고리즘의 수행 시간이 일정하게 유지되는 효율적인 알고리즘입니다.,2,3
41,데이터베이스 무결성에 관한 설명 로 옳은 것은?,개체 무결성 규정은 한 릴레이션의 기본키를 구성하는 어떠한 속성값도 널(NULL) 값이나 중복값을 가질 수 없음을 규정하 는 것이다.,참조 무결성 규정은 속성 값들이 사용자가 정의한 제약 조건에 만족해야 한다는 규정이다.,도메인 무결성 규정은 외래키 값은 Null이거나 참조 릴레이션 의 기본키 값과 동일해야 한다는 규정이다.,사용자 정의 무결성 규정은 주어진 튜플의 값이 그 튜플이 정의 된 도메인에 속한 값이어야 한다는 것을 규정하는 것이다.,1,"핵심 데이터베이스 무결성, ","데이터베이스 무결성은 데이터베이스 내의 데이터가 정확하고 일관성 있게 유지되는 것을 보장하는 규칙이다. 데이터베이스 무결성은 개체 무결성, 참조 무결성, 도메인 무결성, 사용자 정의 무결성 등 다양한 측면으로 나타난다. 데이터베이스 무결성을 유지함으로써 데이터",3,3
42,트랜잭션의 상태를 보여주는 다음 그림을 보고 각 상태에 대한 설명 로 옳지 않은 것은?,활동 상태는 트랜잭션이 수행되기 시작하여 현재 실행 중인 상태를 의미한다.,완료는 트랜잭션이 성공적으로 종료되어 Commit 연산까지 수행한 상태를 의미한다.,부분 완료는 트랜잭션의 일부 연산만이 완료되어 Commit된 상태를 의미한다.,철회는 트랜잭션이 수행하는 데 실패하여 Rollback 연산까지 수행한 상태를 의미한다.,3,트랜잭션의 상태,"트랜잭션의 상태에는 활동, 완료, 부분 완료, 철회가 있으며, 각 상태에 대한 설명을 파악하는 것이 중요하다. 올바른 설명과 틀린 설명을 구별하여 이해하는 것이 중요하다.",3,3
43,무결성을 보장하기 위해 트랜잭션이 가져야 할 특성에 대한 설명 로 옳지 않은 것은?,"트랜잭션 내의 모든 명령은 반드시 완벽히 수행되어야 하며, 모두가 완벽히 수행되지 않고 어느 하나라도 오류가 발생하면 트랜잭션 전부가 취소되어야 한다.",트랜잭션의 수행과 관계 없이 데이터베이스가 가지고 있는 고 정 요소는 일관되어야 한다.,둘 이상의 트랜잭션이 동시에 병행 실행되는 경우 어느 하나의 트랜잭션 실행 중에 다른 트랜잭션의 연산이 끼어들 수 없다.,Commit과 Rollback 명령어에 의해 보장받는 트랜잭션의 특성 은 일관성이다.,4,"무결성, 트랜잭션, ","무결성을 보장하기 위한 트랜잭션의 특성 중에서 옳지 않은 것은 ""트랜잭션 내의 모든 명령은 반드시 완벽히 수행되어야 하며, 모두가 완벽히 수행되지 않고 어느 하나라도 오류가 발생하면 트랜잭션 전부가 취소되어야 한다.""입니다. 완",3,3
44,분산 데이터베이스의 특징에 대한 설명 로 틀린 것은?,지역 서버의 고유 데이터에 대한 작업은 중앙 서버의 통제 없이 자유롭게 수행할 수 있다.,새로운 지역 서버를 추가하거나 장비를 추가하는 등의 작업이 용이하다.,"위치 투명성, 중복 투명성, 병행 투명성, 장애 투명성을 목표로 한다.","데이터베이스 설계 및 소프트웨어 개발이 쉽고, 전반적인 시스 템의 성능이 향상된다.",4,중앙 서버,"분산 데이터베이스의 특징 중 하나는 중앙 서버의 통제 없이 자유로운 작업을 수행할 수 있다는 것이다. 이는 분산 데이터베이스의 장점 중 하나로, 지역 서버들이 독립적으로 작업을 수행할 수 있다는 것을 의미한다.",3,3
45,"파티셔닝 방식 중 ‘월별, 분기별’과 같이 지정한 열의 값을 기준 로 범위를 지정하여 분할하는 방식은?",Range Partitioning,Hash Partitioning,Composite Partitioning,List Partitioning,1,"분할, 열 값","Range Partitioning은 지정한 열의 값을 기준으로 범위를 지정하여 분할하는 방식이다. 예를 들어, 날짜 열을 기준으로 월별 또는 분기별로 데이터를 분할할 수 있다.",3,3
46,"데이터베이스에는 관계형, 계층형, 네트워크형 등 다양한 종류가 있는데 이들을 구분하는 기준은?",개체(Object),관계(Relationship),속성(Attribute),제약 조건(Constraint),2,"관계(Relationship), 종류(Type), ","데이터베이스의 다양한 종류를 구분하는 기준은 주로 데이터 간의 관계 형태에 따라 결정됩니다. 관계형 데이터베이스는 테이블 간의 관계를 중심으로 구성되어 있고, 계층형 데이터베이스는 트리 구조로 데이터가 구성되어 있으며, 네트워크형 데이터베이스는 그래프 구조로 데이터가 관",3,3
47,다음 SQL문의 실행 결과를 가장 올바르게 설명한 것은? (보기:ALTER TABLE 학생 DROP 학년 CASCADE;),학년 테이블에서 학생 속성을 제거하되 학생 속성을 참조하는 다른 테이블의 속성도 함께 제거한다.,학년 테이블에서 학생 속성을 제거하되 학생 속성을 참조하는 다른 테이블의 속성이 있는 경우 제거를 중단한다.,학생 테이블에서 학년 속성을 제거하되 학년 속성을 참조하는 다른 테이블의 속성도 함께 제거한다.,학생 테이블에서 학년 속성을 제거하되 학년 속성을 참조하는 다른 테이블의 속성이 있는 경우 제거를 중단한다.,3,"DROP, CASCADE, ","SQL 문에서 CASCADE 옵션을 사용하면 해당 열을 참조하는 다른 테이블의 열도 함께 제거되는 옵션입니다. 따라서, 올바른 설명은 ""학생 테이블에서 학년 속성을 제거하되 학년 속성을 참조하는 다른 테이블의 속성도 함께 제거한다.""입니다.",3,3
48,"물리적 데이터베이스를 설계하는 전 단계로서, 데이터 모델링이라 불리는 데이터베이스 설계 단계는?",개념적 데이터베이스 설계,논리적 데이터베이스 설계,정보 모델링,데이터베이스 구현,2,"데이터 모델링, 물리적 데이터베이스 설계, ","데이터 모델링은 데이터베이스 설계의 전 단계로, 물리적 데이터베이스를 설계하기 전에 개념적 데이터베이스 설계와 논리적 데이터베이스 설계를 거치는 과정을 말합니다. 이를 통해 데이터 모델을 구축하고 데이터베이스의 구조를 정의하여 데이터베이스를 효율적으로",3,3
49,정규화에 대한 설명 로 옳지 않은 것은?,"정규형에는 제1정규형, 제2정규형, 제3정규형, BCNF형, 제4 정규형 등이 있다.",릴레이션에 속한 모든 도메인이 원자값만으로 되어 있는 정규 형은 제1정규형이다.,제1정규형이 제2정규형이 되기 위해서는 기본키가 아닌 모든 속성이 기본키에 대하여 완전 함수적 종속을 만족해야 한다.,결정자가 모두 후보키인 정규형은 제3정규형이다.,4,"정규형, 제1정규형, ","제1정규형은 릴레이션에 속한 모든 도메인이 원자값만으로 되어 있는 형태를 말하며, 이를 만족하지 못하는 경우에는 정규화 과정을 통해 제1정규형으로 변환해야 한다. 따라서 선지 3에서는 제1정규형이 제2정규형이 되기 위한 조건을 잘못 설명하",3,3
50,개체-관계(E-R) 모델에 대한 설명 로 잘못된 것은?,특정 DBMS를 고려하여 제작하지 않는다.,"개체는 마름모, 속성은 사각형을 이용하여 표현한다.",개념적 데이터베이스 단계에서 제작된다.,E-R 모델의 기본적인 아이디어를 시각적으로 가장 잘 나타낸 것이 E-R 다이어그램이다.,2,"DBMS, E-R 다이어그램, ","E-R 모델은 특정 DBMS를 고려하여 제작하지 않는다는 것이 잘못된 설명이다. E-R 모델은 DBMS에 독립적으로 개발되며, 데이터베이스 설계를 돕기 위해 사용되는 개념적 모델이다. E-R 다이어그램은 E-R 모델의 기본 아이디어를 시각적으로 나타내는 도구이다.",3,3
51,관계형 데이터베이스의 구성 요소에 대한 설명 로 틀린 것은?,속성을 구성하는 값에는 동일한 값이 있을 수 있다.,한 릴레이션에 포함된 튜플은 모두 상이하다.,한 릴레이션에는 동일한 이름의 속성이 있을 수 있다.,한 릴레이션을 구성하는 속성 사이에는 순서가 없다.,3,"속성, 튜플, ","관계형 데이터베이스에서 속성은 동일한 값이 있을 수 있지만, 튜플은 모두 상이해야 한다. 따라서 속성을 구성하는 값에는 중복이 있을 수 있지만, 튜플은 중복되지 않아야 한다.",3,3
52,"SQL의 명령어를 DCL, DML, DDL로 구분할 경우, 다음 중 성격이 다른 하나는?",CREATE,SELECT,ALTER,DROP,2,"CREATE, SELECT, ALTER, DROP, ","CREATE, ALTER, DROP은 DDL(Data Definition Language)에 속하는 명령어로, 데이터베이스의 구조를 정의하거나 변경하는 역할을 합니다. 반면에 SELECT는 DML(Data Manipulation Language)에 속하는 명령어로, 데이터를 조회하거나 조작하는 역할을 합니다. 따라서 성격이 다른 명령어는 SELECT입니다.",3,3
53,키는 개체 집합에서 고유하게 개체를 식별할 수 있는 속성이다. 데이터베이스에서 사용되는 키의 종류에 대한 설명 로 옳지 않은 것은?,후보키는 개체들을 고유하게 식별할 수 있는 속성이다.,슈퍼키는 한 개 이상의 속성들의 집합으로 구성된 키이다.,외래키는 다른 테이블의 기본키로 사용되는 속성이다.,대체키는 슈퍼키 중에서 기본키를 제외한 나머지 키를 의미한다.,4,"후보키, 슈퍼키, 외래키, 대체키, ","후보키는 개체들을 고유하게 식별할 수 있는 속성이며, 슈퍼키는 한 개 이상의 속성들의 집합으로 구성된 키입니다. 외래키는 다른 테이블의 기본키로 사용되는 속성을 의미하고, 대체키는 슈퍼키 중에서 기본키를 제외한",3,3
54,SQL의 TRUNCATE 명령어에 대한 설명 로 옳지 않은 것은?,DELETE와 같이 테이블의 모든 데이터를 삭제한다.,DROP과 달리 테이블 스키마는 제거되지 않고 유지된다.,DELETE에 비해 빠르게 데이터를 제거하는 것이 가능하다.,DELETE와 동일하게 ROLLBACK 명령어로 삭제된 데이터를 되살릴 수 있다.,4,"TRUNCATE, DELETE, ","TRUNCATE 명령어는 DELETE와 달리 테이블의 모든 데이터를 한 번에 삭제하는 명령어이며, DELETE와 달리 ROLLBACK으로 삭제된 데이터를 되살릴 수 없다는 것이다. 따라서 선지 4가 옳지 않은 설명이다.",3,3
55,데이터베이스의 병행 제어(Concurrency Control)에 대한 설명 로 옳지 않은 것은?,여러 사용자가 데이터베이스를 동시에 접근하여 데이터를 처 리하기 위함이다.,처리 결과의 정확성 유지를 위해 데이터를 잠그거나 여는 등의 제어가 필요하다.,로킹 단위가 크면 병행 제어 기법이 복잡해진다.,로킹 단위가 크면 병행성 수준이 낮아진다.,3,"로킹 단위, ","로킹 단위가 작을수록 데이터베이스의 병행성이 높아지고, 병행 제어 기법이 간단해지며, 처리 성능이 향상된다. 따라서 로킹 단위가 크면 병행성 수준이 낮아지고, 병행 제어 기법이 복잡해진다.",3,3
56,시스템 카탈로그에 대한 설명 로 옳지 않은 것은?,시스템 자체에 관련 있는 다양한 객체에 관한 정보를 포함하는 시스템 데이터베이스이다.,데이터 사전이라고도 한다.,"기본 테이블, 뷰, 인덱스, 패키지, 접근 권한 등의 정보를 저장 한다.",시스템을 위한 정보를 포함하는 시스템 데이터베이스이므로 일반 사용자는 SQL을 이용하여 내용을 검색해 볼 수 없다.,4,"시스템 카탈로그, 데이터 사전, ","시스템 카탈로그는 데이터베이스 시스템 자체에 관련된 객체들에 대한 정보를 포함하는 시스템 데이터베이스이며, 이를 데이터 사전이라고도 한다. 따라서 선지 4는 옳지 않은 설명이다. 사용자는 SQL을 이용하여 시스템 카탈로그에 저장된 정보를 검색할 수 있다.",3,3
57,트리거(Trigger)에 대한 설명 로 옳은 것은?,시스템에 어떤 일이 발생한 것을 말한다.,이벤트가 발생할 때마다 관련 작업이 자동으로 수행되는 절차 형 SQL이다.,"특정 기능을 수행하는 일종의 트랜잭션 언어로, 호출을 통해 실행되어 미리 저장해 놓은 SQL 작업을 수행한다.",DBMS에 내장되어 작성된 SQL이 효율적으로 수행되도록 최 적의 경로를 찾아 주는 모듈이다.,2,"트리거, 이벤트, ","트리거는 이벤트가 발생할 때마다 관련 작업이 자동으로 수행되는 절차 형 SQL로, 특정 조건이 충족되었을 때 트리거가 발동하여 지정된 작업이 실행된다. 이를 통해 시스템에 어떤 일이 발생한 것을 감지하고 처리할 수 있다.",3,3
58,관계 대수와 관계 해석에 대한 설명 로 옳지 않는 것은?,관계 대수는 원래 수학의 프레디킷 해석에 기반을 두고 있다.,관계 대수로 표현한 식은 관계 해석으로 표현할 수 있다.,관계 해석은 관계 데이터의 연산을 표현하는 방법이다.,관계 해석은 원하는 정보가 무엇이라는 것만 정의하는 비절차 적인 특징을 가지고 있다.,1,"관계 대수, 관계 해석, ","관계 대수와 관계 해석은 관계 데이터를 다루는 방법론으로, 관계 대수는 관계 데이터의 질의를 수학적으로 다루는 것이고, 관계 해석은 관계 데이터의 연산을 표현하는 방법이다. 이 둘은 서로 밀접한 관련이 있으며, 관계 대수로 표현한 식은 관계 해석으로 표",3,3
59,"정보시스템과 관련한 다음 설명에 해당하는 것은? (보기:ㆍ각 시스템 간에 공유 디스크를 중심 로 클러스터링 로 엮어 다수의 시스템을 동시에 연결할 수 있다.
ㆍ조직, 기업의 기간 업무 서버 안정성을 높이기 위해 사용될 수 있다.
ㆍ여러 가지 방식 로 구현되며 2개의 서버를 연결하는 것 로 2개의 시스템이 각각 업무를 수행하도록 구현 하는 방식이 널리 사용된다.)",고가용성 솔루션(HACMP),점대점 연결 방식(Point-to-Point Mode),스턱스넷(Stuxnet),루팅(Rooting),1,고가용성 솔루션(HACMP),"고가용성 솔루션은 조직이나 기업의 업무 서버 안정성을 높이기 위해 사용되는 시스템으로, 여러 시스템을 동시에 연결하여 공유 디스크를 중심으로 클러스터링하는 방식으로 구현된다.",3,3
60,"데이터베이스에 영향을 주는 생성, 읽기, 갱신, 삭제 연산 로 프로세 스와 테이블 간에 매트릭스를 만들어서 트랜잭션을 분석하는 것은?",CASE 분석,일치 분석,CRUD 분석,연관성 분석,3,"CRUD 분석, ","CRUD는 데이터베이스에서의 생성(Create), 읽기(Read), 갱신(Update), 삭제(Delete) 연산을 의미합니다. CRUD 분석은 이러한 데이터 조작 연산이 데이터베이스에 어떻게 영향을 주는지를 분석하는 것을 말합니다. 이를 통해 트랜잭션을 분석하고 데이터베이스의 상태를 파악할 수 있습니다.",3,3
61,"OSI 7계층 중 다음 설명에 해당하는 계층은? (보기:ㆍ두 응용 프로세스 간의 통신에 대한 제어 구조를 제공 한다.ㆍ연결의 생성, 관리, 종료를 위해 토큰을 사용한다.)",데이터링크 계층,네트워크 계층,세션 계층,표현 계층,3,"응용 프로세스, 통신에 대한 제어 구조, ","OSI 7계층 중 응용 프로세스 간의 통신에 대한 제어 구조를 제공하는 계층은 세션 계층이다. 이 계층은 연결의 생성, 관리, 종료를 위해 토큰을 사용하여 통신을 제어한다.",4,3
62,다음 C언어 프로그램의 결과로 옳은 것은?,0,1,2,3,1,포인터,이 프로그램은 포인터를 사용하여 변수의 값을 변경하는 예제이다. 따라서 결과는 3이다.,4,3
63,"다음 C언어 프로그램 실행 후, ‘c’를 입력하였을 때 출력 결과는?",one,one two,three,one two three four,3,"switch문, case문, ","주어진 C언어 프로그램은 switch문을 사용하여 사용자가 입력한 문자에 따라 다른 결과를 출력하는 프로그램이다. 'c'를 입력했을 때 case 'c'에 해당하는 ""one""과 ""two""가 출력되므로 정답은 선지 2: one two 가 된다.",4,3
64,다음 C언어 프로그램에서 밑줄 친 부분과 동일한 의미를 가지는 것은 어떤것인가?,!a || !b,!(a || b),a && b,a || b,2,"논리 연산자, ",밑줄 친 부분은 a와 b 중 하나라도 참이 아닌 경우를 나타내는 표현이다. 이는 논리 연산자를 사용하여 a와 b 중 하나라도 거짓인 경우를 나타내는 것이다. 따라서 선지 2: !(a || b)가 밑줄 친 부분과 동일한 의미를 가진다.,4,3
65,다음 파이썬 코드에서 ‘53t44’를 입력했을 때 출력 결과는?,53 t 44,53t44,53 44,"53, 44",3,문자열 분리,"주어진 문자열 '53t44'를 공백을 기준으로 분리하여 출력하는 코드이므로, 선지 1인 '53 t 44'가 출력된다. 문자열을 분리할 때는 split() 함수를 사용하면 된다.",4,3
66,다음 중 HRN에 대한 설명 로 옳지 않은 것은?,대기시간과 서비스시간을 이용하는 방법이다.,대기 시간이 긴 프로세스일 경우 우선순위가 높다.,우선순위 계산식 값이 낮을수록 우선순위가 높다.,SJF 기법을 보완하기 위한 스케쥴링 방법이다.,3,"HRN, 우선순위, ","HRN은 Highest Response Ratio Next의 약자로, 대기 시간과 서비스 시간을 이용하여 프로세스의 우선순위를 결정하는 스케줄링 방법이다. 대기 시간이 긴 프로세스일수록 우선순위가 높아지며, 우선순위 계산식 값이 낮을수록 우선순위가 높아진다. 따라서 우선",4,3
67,C언어에서 malloc() 함수에 대한 설명 로 틀린 것은?,원하는 시점에 원하는 만큼 메모리를 동적으로 할당한다.,사용자가 입력한 bit만큼 메모리를 할당한다.,free 명령어로 할당된 메모리를 해제한다.,메모리 할당이 불가능할 경우 NULL이 반환된다.,2,"malloc(), 메모리 할당, ","malloc() 함수는 원하는 시점에 원하는 만큼 메모리를 동적으로 할당하는 함수이며, 사용자가 입력한 크기만큼 메모리를 할당해준다. 만약 메모리를 할당할 수 없는 상황이라면 NULL을 반환하게 된다. 따라서 ""선지 2: 사용자가 입력한 bit만큼 메모리를 할당한다.""가 틀린 설명이다.",4,3
68,다음 중 프로세스에 대한 설명 중 틀린 것은?,"프로세서가 할당되는 실체로, 디스패치가 가능한 단위이다.",프로세스는 비동기적 행위를 일으키는 주체이다.,"프로세스는 스레드 내의 작업단위를 의미하며, 경량 스레드라 고도 불린다.","PCB를 가지며 PCB에는 프로세스의 현재상태, 고유식별자를 가지고 있다.",3,"프로세스, PCB, ","프로세스는 프로세서에 할당되는 단위이며, PCB(Process Control Block)를 가지고 있다. PCB에는 프로세스의 현재 상태와 고유 식별자가 저장되어 있다. 따라서, ""프로세스는 비동기적 행위를 일으키는 주체""라는 설명이 틀린 설명이다. 프로세스는 CPU에 할당되는 단위로서, 비동기적 행위를 일으키는 주체는 프로세스가",4,3
69,"3개의 보관구조를 가지는 주기억장치가 있으며, 다음의 순서로 페이지 참조가 발생할 때, FIFO 페이지 교체 알고리즘을 사용할 경우 마지막 페이지 값 로 옳은 것은?(페이지 순서 : 1, 2, 3, 2, 4, 2, 3, 1, 3)","4, 2, 3","4, 1, 3","1, 2, 3","1, 4, 2",2,"FIFO 페이지 교체 알고리즘, 페이지 참조","FIFO 페이지 교체 알고리즘은 먼저 들어온 페이지를 먼저 교체하는 알고리즘으로, 페이지 참조 순서에 따라 페이지를 교체한다. 주어진 페이지 순서에 따라 3개의 보관구조를 가지는 주기억장치에서 페이지를 참조하면서 FIFO 알고리즘에 따라 페이지를 교체하면, 마",4,3
70,"다음 설명에 해당하는 내용은 무엇인가?(보기:프로세스 처리 도중, 참조할 페이지가 주기억장치에 없어 프로세스 처리시간보다 페이지 교체에 소요되는 시간이 더 많아지는 현상)",스레드(Thread),스래싱(Thrasing),페이지부재(Page Fault),워킹셋(Working Set),2,"페이지부재(Page Fault), ",페이지부재는 프로세스 처리 도중에 참조할 페이지가 주기억장치에 없어 발생하는 현상을 의미합니다. 이로 인해 프로세스 처리시간보다 페이지 교체에 소요되는 시간이 더 많아지는 현상이 발생할 수 있습니다.,4,3
71,다음 중 IP 버전에 대한 설명 중 틀린 것은?,"IPv4는 각 부분을 옥텟으로 구성, 총 32비트로 구성된다.",IPv6는 각 부분을 콜론으로 구분한다.,IPv4는 네트워크 부분의 길이에 따라 A 클래스에서 E 클래스 까지 총 5단계로 구성되어 있다.,IPv6는 IPv4에 비해 자료 전송 속도가 느리다.,4,"IP 버전, IPv4, IPv6, ","IPv4와 IPv6는 각각 32비트와 128비트로 구성된다. IPv4는 옥텟으로 구성되고 네트워크 부분의 길이에 따라 A~E 클래스로 구분되지만, IPv6는 콜론으로 구분되며 자료 전송 속도가 IPv4에 비해 빠르다. 따라서, IPv6는 IPv4에 비해 자료 전송 속도가 느리다는 설명",4,3
72,JAVA에서 힙(Heap)에 남아있 나 변수가 가지고 있던 참조값을 잃거나 변수 자체가 없어짐 로써 더 이상 사용되지 않는 객체를 제거해주는 역할을 하는 모듈은?,Heap Collector,Garbage Collector,Memory Collector,Variable Collector,2,Garbage Collector,Garbage Collector는 힙(Heap)에 남아있는 객체 중에서 더 이상 사용되지 않는 객체를 자동으로 제거해주는 모듈이다. 이를 통해 메모리 누수를 방지하고 프로그램의 성능을 최적화할 수 있다.,4,3
76,프로세스 상태의 종류가 아닌 것은?,Ready,Running,Request,Exit,3,"Request, Exit","프로세스의 상태에는 Ready(준비), Running(실행), Exit(종료)가 있으며, Request는 프로세스 상태의 종류가 아닙니다. Exit는 프로세스가 작업을 완료하고 종료된 상태를 나타냅니다.",4,3
77,TCP/IP에서 사용되는 논리주소를 물리주소로 변환시켜 주는 프로토 콜은?,TCP,ARP,FTP,IP,4,"논리주소, 물리주소, 변환, ","ARP(Address Resolution Protocol)는 TCP/IP에서 사용되는 논리주소(IP 주소)를 물리주소(MAC 주소)로 변환시켜 주는 프로토콜입니다. 따라서, 이 문제의 정답은 '선지 2: ARP'입니다.",4,3
78,OSI 7계층 중 네트워크 계층에 대한 설명 로 틀린 것은?,패킷을 발신지로부터 최종 목적지까지 전달하는 책임을 진다.,한 노드로부터 다른 노드로 프레임을 전송하는 책임을 진다.,패킷에 발신지와 목적지의 논리 주소를 추가한다.,라우터 또는 교환기는 패킷 전달을 위해 경로를 지정하거나 교환 기능을 제공한다.,1,프레임 전송,"네트워크 계층은 패킷을 발신지로부터 최종 목적지까지 전달하는 역할을 하는데, 이 과정에서 프레임 전송은 데이터 링크 계층의 역할이며, 네트워크 계층은 패킷에 발신지와 목적지의 논리 주소를 추가하는 역할을 한다. 따라서, ""한 노드로부터",4,3
79,프레임워크(Framework)에 대한 설명 로 옳은 것은?,소프트웨어 구성에 필요한 기본 구조를 제공함으로써 재사용 이 가능하게 해준다,소프트웨어 개발 시 구조가 잡혀 있기 때문에 확장이 불가능하다.,소프트웨어 아키텍처(Architecture)와 동일한 개념이다.,모듈화(Modularity)가 불가능하다.,3,,"프레임워크(Framework), 재사용 가능한 기본 구조를 제공함, 모듈화(Modularity)",4,3
80,C언어 라이브러리 중 stdlib.h에 대한 설명 로 옳은 것은?,문자열을 수치 데이터로 바꾸는 문자 변환함수와 수치를 문자 열로 바꿔주는 변환함수 등이 있다.,문자열 처리 함수로 strlen()이 포함되어 있다.,표준 입출력 라이브러리이다.,"삼각 함수, 제곱근, 지수 등 수학적인 함수를 내장하고 있다.",2,"stdlib.h, 문자열, 수치 데이터 변환함수, ","stdlib.h는 C언어 표준 라이브러리 중 하나로, 문자열을 수치 데이터로 변환해주는 함수나 수치를 문자열로 변환해주는 함수 등 문자열과 수치 데이터 간의 변환을 도와주는 함수들을 포함하고 있다.",4,3
81,입력 데이터 검증 및 표현과 관련된 설명 로 옳지 않은 것은?,"SQL 삽입 : 웹 응용 프로그램에 SQL을 삽입하여 내부 데이터 베이스(DB) 서버의 데이터를 유출 및 변조하고, 관리자 인증을 우회한다.",크로스사이트 스크립트 : 웹페이지에 악의적인 스크립트를 삽 입하여 방문자들의 정보를 탈취한다.,자원 삽입 : 악의적인 명령어가 포함된 스크립트 파일을 업로드 함으로써 시스템에 손상을 준다.,운영체제 명령어 삽입 : 외부 입력값을 통해 시스템 명령어의 실행을 유도함으로써 권한을 탈취하거나 시스템 장애를 유발 한다.,2,"입력 데이터 검증, 삽입 공격",입력 데이터 검증은 외부에서 입력된 데이터를 신뢰할 수 있는 형태로 변환하거나 거부함으로써 보안을 강화하는 것이 중요하다. 삽입 공격은 악의적인 사용자가 애플리케이션에 악의적인 코드를 삽입하여 시스템을 공격하는 방법을 의미한다. 이를 방지하기 위해 입력 데이터를 검,4,3
82,악성코드의 유형 중 다른 컴퓨터의 취약점을 이용하여 스스로 전파하 거나 메일로 전파되며 스스로를 증식하는 것은?,Worm,Rogue Ware,Adware,Reflection Attack,1,"전파, 증식","악성코드의 유형 중 다른 컴퓨터의 취약점을 이용하여 스스로 전파하거나 메일로 전파되며 스스로를 증식하는 것은 Worm이다. Worm은 네트워크를 통해 자신을 복사하여 전파하고, 감염된 시스템에서 독립적으로 실행되어 증식하는 악성코드이다.",4,3
83,정보 보안 요소 중 무결성(Integrity)에 대한 설명 로 옳은 것은?,시스템 내의 정보와 자원은 인가된 사용자에게만 접근이 허용 된다는 것을 의미한다.,시스템 내의 정보와 자원을 사용하려는 사용자가 합법적인 사 용자인지를 확인하는 모든 행위를 말한다.,인가받은 사용자는 언제라도 사용할 수 있다는 것을 의미한다.,시스템 내의 정보는 오직 인가된 사용자만 수정할 수 있다는 것을 의미한다.,1,무결성(Integrity),무결성은 시스템 내의 정보가 인가된 사용자에 의해 수정되지 않고 유지되는 것을 보장하는 것을 의미한다. 따라서 오직 인가된 사용자에 의해서만 정보가 수정될 수 있어야 한다.,4,3
84,세션 하이재킹을 탐지하는 방법 로 거리가 먼 것은?,FTP SYN SEGMENT 탐지,비동기화 상태 탐지,ACK STORM 탐지,패킷의 유실 및 재전송 증가 탐지,3,"세션 하이재킹, 탐지, ","세션 하이재킹은 공격자가 유효한 세션을 가로채어 제어하는 것을 말한다. 이를 탐지하기 위해서는 세션의 상태를 모니터링하고 이상한 패턴을 감지해야 한다. FTP SYN SEGMENT 탐지, 비동기화 상태 탐지, ACK STORM 탐지, 패킷의 유실 및 재전송 증가 탐지 등",5,3
85,정보 보안의 3요소에 해당하지 않는 것은?,기밀성,무결성,가용성,휘발성,1,휘발성,"정보 보안의 3요소인 기밀성, 무결성, 가용성은 정보의 보안을 유지하기 위한 중요한 요소들이지만, 휘발성은 정보 보안과는 관련이 없는 개념이다. 휘발성은 정보의 지속성과 관련이 있는데, 정보가 시간이 지나면 사라지거나 변형될 수 있는 특성을 나타낸다.",5,3
86,"LOC 기법에 의하여 예측된 총 라인수가 36,000라인, 개발에 참여할 프로그래머가 6명, 프로그래머들의 평균 생산성이 월간 300라인일 때 개발에 소요되는 기간은?",5개월,10개월,15개월,20개월,4,"LOC 기법, 생산성","LOC 기법은 Lines of Code의 약자로, 소프트웨어 개발의 규모를 측정하는 방법 중 하나이다. 개발에 참여할 프로그래머의 생산성과 LOC 기법을 이용하여 개발 기간을 계산할 수 있다. 프로그래머들의 평균 생산성이 월간 300라인이고 총 라인수가 36,000라인이므로, 개",5,3
87,COCOMO 모델에 의한 비용 산정에 대한 설명 로 옳지 않은 것은?,보헴이 제안한 원시 프로그램의 규모에 의한 비용예측 모형이 다.,같은 규모의 소프트웨어라도 그 유형에 따라 비용이 다르게 산정된다.,"비용 산정 유형으로 Organic Mode, Embedded Mode, Semi-Detached Mode가 있다.",UFP(Unadjusted Function Point)를 계산한다.,1,"COCOMO 모델, 비용 산정","COCOMO 모델은 소프트웨어 개발 비용을 산정하는 모델로, 프로젝트의 규모와 유형에 따라 비용을 예측합니다. 이 모델은 보헴이 제안한 원시 프로그램의 규모에 따른 비용 산정 모형 중 하나이며, UFP를 이용하여 비용을 산정합니다. 따라서",5,3
88,Wi-Fi에서 제정한 무선 랜(WLAN) 인증 및 암호화 관련 표준은?,WCDMA,WPA,SSL,SHA,4,"무선 랜(WLAN) 인증, 암호화, ",Wi-Fi에서 제정한 무선 랜(WLAN) 인증 및 암호화 관련 표준은 WPA(Wi-Fi Protected Access)입니다. WPA는 무선 네트워크에서 데이터를 암호화하고 사용자를 인증하는 데 사용되는 보안 프로토콜입니다. 이를 통해 Wi-Fi 네트워크의 보안성을 향상시키고 불법,5,3
89,다음 설명에 해당하는 암호화 알고리즘은?(보기:ㆍDES의 보안 문제를 해결하기 위해 개발되었다. ㆍNIST에서 개발한 개인키 암호화 알고리즘이다.),ARIA,AES,DSA,SEED,4,"DES의 보안 문제를 해결하기 위해 개발되었다, NIST에서 개발, ","DES의 보안 문제를 개선하고자 개발된 암호화 알고리즘으로, NIST에서 공인된 개인키 암호화 알고리즘이다. 이를 토대로 AES(Advanced Encryption Standard)가 해당 암호화 알고리즘에 해당한다.",5,3
90,침입탐지 시스템(IDS : Intrusion Detection System)과 관련한 설명 로 틀린 것은?,이상 탐지 기법(Anomaly Detection)은 Signature Base나 Knowledge Base라고도 불리며 이미 발견되고 정립된 공격 패턴을 입력해두었다가 탐지 및 차단한다.,HIDS(Host-Based Intrusion Detection)는 운영체제에 설정 된 사용자 계정에 따라 어떤 사용자가 어떤 접근을 시도하고 어떤 작업을 했는지에 대한 기록을 남기고 추적한다.,NIDS(Network-Based Intrusion Detection System)로는 대 표적으로 Snort가 있다.,외부 인터넷에 서비스를 제공하는 서버가 위치하는 네트워크 인 DMZ(Demilitarized Zone)에는 IDS가 설치될 수 있다.,4,"이상 탐지 기법(Anomaly Detection), Signature Base, ","이상 탐지 기법은 기존에 발견된 공격 패턴을 입력해두고 탐지하는 것이 아니라, 정상적인 행위 패턴을 학습하여 이에 벗어나는 이상 행위를 감지하는 방식이다. Signature Base는 이미 발견된 공격 패턴을 입력해두어 탐지하는 방식을 의미한다. 이상 탐지 기법은 Signature Base와는 다",5,3
91,네트워크 장비에 대한 설명 로 옳지 않은 것은?,브라우터는 전송되는 신호가 전송 선로의 특성 및 외부 충격 등의 요인으로 인해 원래의 형태와 다르게 왜곡되거나 약해질 경우 원래의 신호 형태로 재생하여 다시 전송하는 역할을 수행 한다.,"브리지는 LAN과 LAN을 연결하거나 LAN 안에서의 컴퓨터 그룹을 연결하는 기능을 수행하며, 데이터 링크 계층 중 MAC 계층에서 사용된다.","스위치는 LAN과 LAN을 연결하여 훨씬 더 큰 LAN을 만드는 장치로, OSI 뱤계층의 2계층에서 사용된다.","라우터는 LAN과 LAN의 연결 기능에 데이터 전송의 최적 경로 를 선택할 수 있는 기능이 추가된 것으로, 서로 다른 LAN이나 LAN과 WAN의 연결도 수행하고, OSI 뱤계층의 네트워크 계층 에서 동작한다.",2,"OSI 2계층, 브리지","브리지는 OSI 2계층에서 동작하며, LAN과 LAN을 연결하거나 LAN 안에서의 컴퓨터 그룹을 연결하는 기능을 수행한다.",5,3
92,SQL Injection 공격과 관련한 설명 로 틀린 것은?,SQL Injection은 임의로 작성한 SQL 구문을 애플리케이션에 삽입하는 공격 방식이다.,SQL Injection 취약점이 발생하는 곳은 주로 웹 애플리케이션 과 데이터베이스가 연동되는 부분이다.,DBMS의 종류와 관계없이 SQL Injection 공격 기법은 모두 동일하다.,로그인과 같이 웹에서 사용자의 입력 값을 받아 데이터베이스 SQL문으로 데이터를 요청하는 경우 SQL Injection을 수행할 수 있다.,2,"DBMS, SQL Injection, ","DBMS의 종류에 따라 SQL Injection 공격 기법이 다를 수 있으며, DBMS의 특성에 따라 취약점이 발생할 수 있다. 따라서 DBMS의 종류에 따라 적절한 방어 및 대응책을 마련해야 한다.",5,3
93,브리지와 구내 정보 통신망(LAN) 로 구성된 통신망에서 루프(폐회 로)를 형성하지 않 면서 연결을 설정하는 알고리즘은?,Spanning Tree Algorithm,Diffie-Hellman Algorithm,Hash Algorithm,Digital Signature Algorithm,1,"루프(폐회), 연결 설정, ",Spanning Tree Algorithm은 통신망에서 루프(폐회)를 방지하면서 연결을 설정하는 알고리즘입니다. 이 알고리즘은 브리지와 구내 정보 통신망(LAN)에서 사용되어 네트워크의 안정성과 효율성을 유지하는 역할을 합니다.,5,3
94,"다음 내용이 설명하는 것은?(보기:ㆍ블록체인(Blockchain) 개발환경을 클라우드로 서비스하 는 개념
ㆍ블록체인 네트워크에 노드의 추가 및 제거가 용이 ㆍ블록체인의 기본 인프라를 추상화하여 블록체인 응용프
로그램을 만들 수 있는 클라우드 컴퓨팅 플랫폼)",OTT,BaaS,SDDC,Wi-SUN,1,"블록체인, 클라우드, ","블록체인을 클라우드로 서비스하는 개념을 의미하는 것으로, 블록체인 네트워크에 노드의 추가 및 제거가 용이하고 블록체인의 기본 인프라를 추상화하여 블록체인 응용프로그램을 만들 수 있는 클라우드 컴퓨팅 플랫폼을 말한다. 이를 BaaS(Blockchain as a Service)",5,3
95,소프트웨어 재공학의 주요 활동 중 기존 소프트웨어를 다른 운영체제 나 하드웨어 환경에서 사용할 수 있도록 변환하는 것은?,역공학,분석,재구성,이식,3,"이식, ",소프트웨어 재공학의 주요 활동 중 하나인 소프트웨어를 다른 운영체제나 하드웨어 환경에서 사용할 수 있도록 변환하는 것을 의미합니다. 이를 통해 기존 소프트웨어를 새로운 환경에 '이식'하여 사용할 수 있게 됩니다.,5,3
96,다음 암호 알고리즘 중 성격 다른 하나는?,MD4,MD5,SHA-1,AES,1,"암호 알고리즘, AES, ","MD4, MD5, SHA-1은 해시 함수 알고리즘으로 주로 데이터의 무결성을 보호하기 위해 사용되는 반면, AES는 대칭키 암호화 알고리즘으로 데이터의 기밀성을 보호하기 위해 사용된다. AES는 데이터를 암호화하고 해독하는 과정에서 동일한 키를 사용하는 반면, 해시 함수 알고리즘은 단방향 암호화를 수",5,3
97,"다음 내용이 설명하는 것은?(보기:ㆍ네트워크상에 광채널 스위치의 이점인 고속 전송과 장 거리 연결 및 멀티 프로토콜 기능을 활용
ㆍ각기 다른 운영체제를 가진 여러 기종들이 네트워크상 에서 동일 저장장치의 데이터를 공유하게 함 로써, 여 러 개의 저장장치나 백업 장비를 단일화시킨 시스템)",SAN,MBR,NAC,NIC,2,SAN (Storage Area Network),"SAN은 여러 기종의 컴퓨터가 네트워크를 통해 공유 저장장치에 접근할 수 있도록 해주는 시스템으로, 고속 전송과 멀티 프로토콜 기능을 제공하여 데이터 공유 및 관리를 용이하게 합니다.",5,3
98,"기존 무선 랜의 한계 극복을 위해 등장하였 며, 대규모 디바이스의 네트워크 생성에 최적화되어 차세대 이동통신, 홈네트워킹, 공공 안전 등의 특수목적에 사용되는 새로운 방식의 네트워크 기술을 의미하는 것은?",Software Defined Perimeter,Virtual Private Network,Local Area Network,Mesh Network,4,Mesh Network,"Mesh Network는 대규모 디바이스의 네트워크 생성에 최적화되어 있는 새로운 방식의 네트워크 기술을 의미합니다. 이는 기존 무선 랜의 한계를 극복하고, 차세대 이동통신, 홈네트워킹, 공공 안전 등의 특수목적에 사용됩니다. Mesh Network는 각 디바이스가 서로 연결되어 네트",5,3
99,CPM(Critical Path Method)에 대한 설명 로 옳지 않은 것은?,프로젝트 내에서 각 작업이 수행되는 시간과 각 작업 사이의 관계를 파악할 수 있다.,작업 일정을 한눈에 볼 수 있도록 해주며 막대 그래프의 형태로 표현한다.,효과적인 프로젝트의 통제를 가능하게 해 준다.,경영층의 과학적인 의사 결정을 지원한다.,4,"CPM(Critical Path Method), 효과적인 프로젝트의 통제","CPM은 프로젝트 내의 각 작업이 수행되는 시간과 관계를 파악하여 작업 일정을 관리하고, 효과적인 프로젝트 통제를 가능하게 해주는 방법론이다. 경영층의 과학적인 의사 결정을 지원하는 측면도 있지만, CPM은 주로 프로젝트 일정의 계",5,3
100,클라우드 기반 HSM(Cloud-based Hardware Security Module)에 대한 설명 로 틀린 것은?,"클라우드(데이터센터) 기반 암호화 키 생성, 처리, 저장 등을 하는 보안 기기이다.",국내에서는 공인인증제의 폐지와 전자서명법 개정을 추진하면 서 클라우드 HSM 용어가 자주 등장하였다.,클라우드에 인증서를 저장하므로 기존 HSM 기기나 휴대폰에 인증서를 저장해 다닐 필요가 없다.,하드웨어가 아닌 소프트웨어적으로만 구현되기 때문에 소프트 웨어식 암호 기술에 내재된 보안 취약점을 해결할 수 없다는 것이 주요 단점이다.,1,"클라우드 HSM, 소프트웨어적","클라우드 HSM은 하드웨어 기반의 보안 모듈로, 소프트웨어적으로만 구현되는 것이 아니라 하드웨어적인 보안 기능을 제공한다. 따라서 소프트웨어식 암호 기술에 내재된 보안 취약점을 해결할 수 있다.",5,3
73,UNIX에서 새로운 프로세스를 생성하는 명령어는?,ls,cat,fork,chmod,4,"새로운 프로세스, 생성, ",UNIX에서 새로운 프로세스를 생성하는 명령어는 'fork'입니다. 'fork' 시스템 콜은 현재 실행 중인 프로세스의 복사본을 만들어 새로운 프로세스를 생성합니다. 이를 통해 부모 프로세스와 자식 프로세스가 동시에 실행될 수 있게 됩니다.,5,3
74,교착상태가 발생할 수 있는 조건이 아닌 것은?,Mutual exclusion,Hold and wait,Non-preemption,Linear wait,2,"교착상태, 조건, ","교착상태가 발생할 수 있는 조건은 Mutual exclusion, Hold and wait, Non-preemption이지만 Linear wait은 교착상태가 발생할 수 있는 조건이 아닙니다. Linear wait은 프로세스들이 자원을 순차적으로 요청하고 해제하는 경우를 가리키며, 이는 교착상태를 방지하는 방법 중 하나입니다.",5,3
75,IEEE 802.3 LAN에서 사용되는 전송 매체 접속 제어(MAC) 방식은?,CSMA/CD,Token Bus,Token Ring,Slotted Ring,4,"IEEE 802.3 LAN, 전송 매체 접속 제어(MAC) 방식, ","IEEE 802.3 LAN에서 사용되는 전송 매체 접속 제어(MAC) 방식은 CSMA/CD이다. 이는 Carrier Sense Multiple Access with Collision Detection의 약자로, 충돌 감지를 통해 효율적인 데이터 전송을 제어하는 방식이다.",5,3
